,EXT_SOURCE_2,EXT_SOURCE_3,DAYS_REGISTRATION,DAYS_LAST_PHONE_CHANGE,NAME_CONTRACT_TYPE,CODE_GENDER,FLAG_OWN_CAR,NAME_INCOME_TYPE,NAME_EDUCATION_TYPE
0,0.7256615848253485,0.7583930617144343,-11709.0,-298.0,Revolving loans,F,N,Pensioner,Secondary / secondary special
1,0.6534536193198112,0.5147465544741232,-2752.0,-418.0,Cash loans,F,N,Commercial associate,Higher education
2,0.6012143946057429,0.4525335592581747,-6952.0,-2674.0,Cash loans,F,Y,Working,Secondary / secondary special
3,0.5731719236039885,0.813917469762627,-2581.0,-939.0,Cash loans,M,N,Working,Higher education
4,0.1689711524071021,0.5673792367572691,-574.0,-67.0,Cash loans,M,N,Working,Secondary / secondary special
5,0.6942870032104914,0.4578995512067301,-4900.0,-837.0,Cash loans,F,N,Working,Secondary / secondary special
6,0.2733977482841154,0.1862929496555374,-6830.0,-868.0,Cash loans,F,N,Working,Secondary / secondary special
7,0.4027541371056801,0.6041125998015721,-2506.0,-1812.0,Cash loans,M,Y,Commercial associate,Higher education
8,0.5946904660124972,0.5513812618027899,-586.0,-928.0,Cash loans,M,Y,Working,Higher education
9,0.2652563401861944,0.5147465544741232,-697.0,-1188.0,Cash loans,F,N,Pensioner,Secondary / secondary special
10,0.7613318624343021,0.5147465544741232,-4258.0,-1280.0,Cash loans,F,Y,Commercial associate,Higher education
11,0.7281143462132521,0.5902333386185574,-6053.0,-1123.0,Cash loans,F,N,Working,Secondary / secondary special
12,0.6238430141034935,0.5147465544741232,-14266.0,-1683.0,Cash loans,F,N,Pensioner,Secondary / secondary special
13,0.4272544523291795,0.4722533429586386,-7734.0,-570.0,Cash loans,F,N,Commercial associate,Secondary / secondary special
14,0.6746113571272978,0.2636468134452008,-9305.0,-1487.0,Revolving loans,M,N,Commercial associate,Secondary / secondary special
15,0.8098979407621015,0.6832688314232291,-6849.0,-95.0,Revolving loans,F,N,Commercial associate,Secondary / secondary special
16,0.4704495227120274,0.4650692149562261,-9378.0,-701.0,Cash loans,F,N,State servant,Secondary / secondary special
17,0.6014240910812487,0.7850520263728172,-13512.0,-646.0,Cash loans,F,N,Pensioner,Secondary / secondary special
18,0.5423017615152536,0.4031416766587513,-4654.0,-1421.0,Cash loans,M,N,Working,Secondary / secondary special
19,0.6191980520254944,0.5147465544741232,-12554.0,-1843.0,Cash loans,F,N,Pensioner,Secondary / secondary special
20,0.6763178900504039,0.5147465544741232,-4422.0,-1694.0,Cash loans,F,Y,Working,Higher education
21,0.6960525277054669,0.3409064264152384,-3084.0,-1929.0,Cash loans,F,N,Commercial associate,Higher education
22,0.6206819179703472,0.3425288720742255,-2484.0,-1574.0,Cash loans,F,N,Commercial associate,Secondary / secondary special
23,0.4807133162187435,0.2091546988410069,-9119.0,-1921.0,Cash loans,F,N,Working,Secondary / secondary special
24,0.3081490670855612,0.3807996826489149,-3062.0,0.0,Cash loans,M,Y,Working,Secondary / secondary special
25,0.6018486124230807,0.5147465544741232,-4437.0,-668.0,Cash loans,F,N,Commercial associate,Secondary / secondary special
26,0.6053019159965644,0.4276573700350293,-3445.0,-832.0,Cash loans,F,Y,Commercial associate,Higher education
27,0.5071083688442035,0.434733248750173,-5522.0,-521.0,Cash loans,F,N,Working,Secondary / secondary special
28,0.5811447767317792,0.3859146722745145,-1759.0,-709.0,Cash loans,F,N,Commercial associate,Higher education
29,0.0891891244061992,0.7121551551910698,-6143.0,-132.0,Cash loans,F,N,Working,Secondary / secondary special
30,0.4564809865051654,0.5147465544741232,-1302.0,0.0,Cash loans,F,Y,State servant,Secondary / secondary special
31,0.5805857673747178,0.4436153084085652,-3013.0,-1839.0,Revolving loans,M,Y,Working,Secondary / secondary special
32,0.4950818361252264,0.6397075677637197,-2990.0,-247.0,Cash loans,F,Y,Working,Secondary / secondary special
33,0.6646706750314849,0.6894791426446275,-5530.0,-971.0,Cash loans,F,N,Commercial associate,Higher education
34,0.5341604162042306,0.1556893746835917,-463.0,-439.0,Cash loans,M,N,Working,Higher education
35,0.6665591080662874,0.4974688893052743,-703.0,-621.0,Cash loans,F,Y,Working,Secondary / secondary special
36,0.5396627061836476,0.7503751495159068,-8896.0,0.0,Cash loans,F,N,Pensioner,Secondary / secondary special
37,0.5335182774051274,0.5744466170995097,-2140.0,-979.0,Cash loans,F,N,Pensioner,Secondary / secondary special
38,0.6618134490831953,0.5334816299804352,-4521.0,-2057.0,Cash loans,F,N,Pensioner,Secondary / secondary special
39,0.4008567077764685,0.5147465544741232,-11338.0,-204.0,Revolving loans,M,N,Commercial associate,Secondary / secondary special
40,0.5659130796679341,0.3622772470384314,-908.0,-1142.0,Cash loans,F,N,Working,Higher education
41,0.1880824686822748,0.5147465544741232,-4396.0,-326.0,Cash loans,F,Y,Commercial associate,Higher education
42,0.3351523713683337,0.5147465544741232,-2678.0,-943.0,Cash loans,F,N,Pensioner,Secondary / secondary special
43,0.5147465544741233,0.1385128770585923,-12771.0,-377.0,Cash loans,F,Y,Working,Secondary / secondary special
44,0.1141682568387318,0.3425288720742255,-1048.0,0.0,Cash loans,M,Y,Working,Secondary / secondary special
45,0.1924043839392553,0.133429254467317,-5689.0,0.0,Cash loans,F,Y,Commercial associate,Secondary / secondary special
46,0.6661653120232807,0.7992967832109371,-1505.0,-1576.0,Cash loans,F,N,Commercial associate,Higher education
47,0.5893030697137653,0.5147465544741232,-7458.0,-144.0,Revolving loans,F,N,Working,Incomplete higher
48,0.2409671366160871,0.5147465544741232,-2152.0,-736.0,Cash loans,F,N,Working,Secondary / secondary special
49,0.7659653675929534,0.5971924268337128,-8695.0,-1892.0,Cash loans,M,Y,Commercial associate,Higher education
50,0.3457430622316211,0.7309873696832169,-5064.0,0.0,Cash loans,F,N,Working,Secondary / secondary special
51,0.6724812944942762,0.6075573001388961,-6743.0,-395.0,Cash loans,F,Y,Working,Secondary / secondary special
52,0.2591353595877134,0.178760465484575,-8845.0,-2632.0,Cash loans,F,N,Working,Secondary / secondary special
53,0.3925199858008061,0.5424451438613613,-1439.0,-173.0,Cash loans,M,Y,State servant,Secondary / secondary special
54,0.4779790818576405,0.5147465544741232,-8963.0,-800.0,Cash loans,M,N,Working,Secondary / secondary special
55,0.4945297393147371,0.4188542886233217,-8767.0,-2915.0,Cash loans,F,N,Working,Secondary / secondary special
56,0.7544547903301889,0.5147465544741232,-3735.0,-1373.0,Cash loans,F,N,Working,Secondary / secondary special
57,0.5769552301578396,0.7047064232963289,-2229.0,-732.0,Cash loans,F,N,Pensioner,Secondary / secondary special
58,0.1666533217306728,0.5147465544741232,-5116.0,-394.0,Cash loans,F,N,Commercial associate,Secondary / secondary special
59,0.3725139775130693,0.7688075728291359,-11105.0,-280.0,Cash loans,F,N,Pensioner,Secondary / secondary special
60,0.3951981136028061,0.5726825047161584,-273.0,0.0,Cash loans,M,N,Working,Secondary / secondary special
61,0.6533446682142288,0.6769925032909132,-6917.0,-7.0,Cash loans,M,Y,Working,Secondary / secondary special
62,0.5833468283708825,0.5147465544741232,-6637.0,-544.0,Cash loans,F,N,Working,Secondary / secondary special
63,0.6494366856019036,0.6397075677637197,-5156.0,-728.0,Cash loans,F,Y,Commercial associate,Higher education
64,0.5755401938275603,0.6178261467332483,-7261.0,-401.0,Cash loans,F,Y,Working,Higher education
65,0.6677633584785417,0.4507472818545589,-10346.0,-73.0,Cash loans,F,Y,Commercial associate,Higher education
66,0.7169183757974803,0.5147465544741232,-5356.0,-486.0,Cash loans,M,Y,Working,Secondary / secondary special
67,0.5713038044693347,0.3944954053123993,-454.0,-968.0,Cash loans,M,Y,Commercial associate,Secondary / secondary special
68,0.4767842822936214,0.7252764347002191,-7656.0,0.0,Cash loans,F,N,Pensioner,Secondary / secondary special
69,0.7330469138731694,0.5147465544741232,-6734.0,0.0,Cash loans,M,Y,Working,Secondary / secondary special
70,0.6557181166259267,0.3344541255096772,-300.0,-1265.0,Cash loans,F,N,Commercial associate,Secondary / secondary special
71,0.4061409560683021,0.5100895276257282,-6817.0,-1946.0,Cash loans,M,N,Commercial associate,Secondary / secondary special
72,0.2882654256309951,0.5147465544741232,-8518.0,-675.0,Cash loans,F,Y,Commercial associate,Secondary / secondary special
73,0.483148362526819,0.5147465544741232,-3908.0,-929.0,Cash loans,F,N,Working,Secondary / secondary special
74,0.4383660750821625,0.6594055320683344,-10391.0,-2504.0,Cash loans,F,N,Pensioner,Secondary / secondary special
75,0.4852728609920737,0.1054731864873376,-154.0,-1285.0,Cash loans,F,Y,Working,Secondary / secondary special
76,0.4969568602647807,0.2955826421513093,-8847.0,-239.0,Cash loans,M,N,Working,Secondary / secondary special
77,0.7285859495522236,0.5762088360175724,-5962.0,0.0,Cash loans,M,N,Working,Secondary / secondary special
78,0.6531762576149814,0.5147465544741232,-7127.0,-1603.0,Cash loans,M,N,Commercial associate,Secondary / secondary special
79,0.513485443636814,0.524496446363472,-3368.0,-58.0,Cash loans,M,Y,Working,Secondary / secondary special
80,0.1226711046678712,0.158554899794863,-5302.0,-1492.0,Cash loans,M,N,Commercial associate,Higher education
81,0.6838207457119331,0.6940926425266661,-268.0,-1094.0,Cash loans,M,Y,Working,Secondary / secondary special
82,0.7318384329492704,0.7352209993926424,-5670.0,-650.0,Cash loans,F,N,Working,Secondary / secondary special
83,0.5974756503637432,0.4206109640437848,-6204.0,-1672.0,Cash loans,F,N,Working,Secondary / secondary special
84,0.6898178068435278,0.5513812618027899,-8107.0,-674.0,Cash loans,F,N,Commercial associate,Secondary / secondary special
85,0.4072490247837011,0.7910749129911773,-6869.0,-1626.0,Cash loans,F,N,Pensioner,Secondary / secondary special
86,0.2177083853824745,0.5549467685334323,-2565.0,-535.0,Cash loans,F,N,Commercial associate,Higher education
87,0.3137196829069543,0.7267112092725122,-1111.0,-2341.0,Cash loans,M,Y,Commercial associate,Higher education
88,0.5016747473229507,0.3589512285783967,-4782.0,-1715.0,Revolving loans,F,N,Working,Secondary / secondary special
89,0.6190536679722553,0.6594055320683344,-3025.0,-1639.0,Cash loans,M,Y,Commercial associate,Secondary / secondary special
90,0.6381239407142846,0.5064842396679806,-5945.0,-1787.0,Cash loans,F,Y,Working,Secondary / secondary special
91,0.5841544820852146,0.3740208032583212,-10808.0,-4.0,Cash loans,M,Y,Working,Secondary / secondary special
92,0.4377308849487559,0.5814837058057234,-1059.0,-1543.0,Cash loans,F,N,Working,Secondary / secondary special
93,0.6688249694278774,0.6296742509538716,-13201.0,-1737.0,Cash loans,F,N,Working,Incomplete higher
94,0.7177386751210406,0.4048783643353997,-6275.0,-1033.0,Cash loans,F,Y,Working,Secondary / secondary special
95,0.7581024847132355,0.7136313997323308,-5582.0,-231.0,Cash loans,M,Y,Working,Secondary / secondary special
96,0.7878142161114213,0.7309873696832169,-8439.0,-1679.0,Cash loans,F,N,Working,Higher education
97,0.4051603207872978,0.2910973802776635,-9030.0,-1403.0,Cash loans,F,N,Working,Secondary / secondary special
98,0.6606525233849373,0.5147465544741232,-1013.0,-2.0,Cash loans,F,Y,Commercial associate,Higher education
99,0.1444527217687788,0.5147465544741232,-703.0,0.0,Cash loans,F,N,Pensioner,Secondary / secondary special
100,0.3025091547684759,0.6195277080511546,-10289.0,0.0,Cash loans,F,N,Commercial associate,Secondary / secondary special
101,0.6410526380947877,0.7076993447402619,-2906.0,-1536.0,Cash loans,M,N,State servant,Secondary / secondary special
102,0.6803734966446692,0.6212263380626669,-2958.0,0.0,Cash loans,F,N,Working,Secondary / secondary special
103,0.7447111226611651,0.2458512138252296,-1903.0,-450.0,Cash loans,M,Y,Commercial associate,Higher education
104,0.6108468600816664,0.1614630800057724,-2023.0,-1311.0,Cash loans,F,N,Commercial associate,Higher education
105,0.2894378257770153,0.5147465544741232,-5169.0,-2730.0,Cash loans,M,N,Working,Secondary / secondary special
106,0.6677342491831465,0.5172965813614878,-4505.0,-1540.0,Cash loans,F,N,Working,Secondary / secondary special
107,0.4756170177759864,0.7958031328748403,-384.0,0.0,Cash loans,M,Y,Commercial associate,Higher education
108,0.7394544434495687,0.7165702448010511,-5829.0,-493.0,Cash loans,F,N,Pensioner,Secondary / secondary special
109,0.5194378300322396,0.5147465544741232,-680.0,-447.0,Cash loans,F,Y,Commercial associate,Secondary / secondary special
110,0.5691012086047919,0.7801436381572275,-6145.0,-1580.0,Cash loans,F,N,Commercial associate,Secondary / secondary special
111,0.7477588903919915,0.5147465544741232,-7852.0,-845.0,Cash loans,F,N,State servant,Higher education
112,0.1041992863186995,0.5147465544741232,-2323.0,-205.0,Revolving loans,F,N,Commercial associate,Higher education
113,0.3875776307090521,0.0406200395828735,-8443.0,0.0,Revolving loans,M,Y,Working,Secondary / secondary special
114,0.7244627960551835,0.3154721549257734,-8194.0,-609.0,Cash loans,M,N,Commercial associate,Secondary / secondary special
115,0.6182333742918461,0.7826078370261895,-6176.0,0.0,Cash loans,F,Y,Working,Secondary / secondary special
116,0.6087447391503361,0.5147465544741232,-16.0,-530.0,Cash loans,M,N,State servant,Secondary / secondary special
117,0.6834187294433895,0.5744466170995097,-878.0,-2102.0,Cash loans,F,N,Working,Secondary / secondary special
118,0.6767581447480934,0.6674577419214722,-5578.0,-1086.0,Cash loans,M,N,Working,Secondary / secondary special
119,0.5568728121439898,0.5849900404894085,-4616.0,0.0,Cash loans,F,Y,Working,Secondary / secondary special
120,0.6030741451136565,0.5147465544741232,-2093.0,-4.0,Cash loans,F,N,Working,Secondary / secondary special
121,0.5815120124234876,0.4418358231994413,-4485.0,-735.0,Cash loans,M,Y,Working,Secondary / secondary special
122,0.7579259945082681,0.7597121819739279,-10529.0,-1.0,Cash loans,F,N,Commercial associate,Secondary / secondary special
123,0.1713083838690204,0.5147465544741232,-4837.0,-837.0,Cash loans,M,Y,Working,Secondary / secondary special
124,0.4940213847105347,0.7106743858828587,-3977.0,-236.0,Cash loans,F,N,Working,Secondary / secondary special
125,0.6766863854323247,0.5147465544741232,-2163.0,-1640.0,Cash loans,F,N,Working,Secondary / secondary special
126,0.4051339700295289,0.2431864804420123,-7554.0,-1362.0,Cash loans,M,Y,Working,Higher education
127,0.6436198258595928,0.7338145369642702,-4288.0,-1936.0,Revolving loans,F,N,Pensioner,Secondary / secondary special
128,0.6230832466981959,0.0739651461172267,-1658.0,-981.0,Cash loans,F,Y,Working,Secondary / secondary special
129,0.6856099173705519,0.7407990879702335,-668.0,-2170.0,Cash loans,M,Y,State servant,Secondary / secondary special
130,0.7225686835726302,0.5147465544741232,-1881.0,-576.0,Cash loans,F,N,State servant,Secondary / secondary special
131,0.2575934077239959,0.0724966767537821,-1441.0,0.0,Cash loans,M,N,Commercial associate,Secondary / secondary special
132,0.5232685723801617,0.7776594425716818,-2415.0,-711.0,Cash loans,F,N,Working,Secondary / secondary special
133,0.6185120404664443,0.6940926425266661,-13520.0,-1.0,Cash loans,F,N,Pensioner,Secondary / secondary special
134,0.6492574362362493,0.5147465544741232,-4660.0,-854.0,Cash loans,M,N,Working,Secondary / secondary special
135,0.7928400670410002,0.3092753558842053,-1137.0,-1826.0,Cash loans,F,Y,Commercial associate,Higher education
136,0.5466731676181352,0.1575949986663102,-10157.0,-1638.0,Cash loans,F,N,Pensioner,Higher education
137,0.4555154157613151,0.4206109640437848,-5194.0,0.0,Cash loans,F,N,Commercial associate,Incomplete higher
138,0.6356662013755796,0.1940678276718812,-1107.0,-252.0,Cash loans,F,N,Working,Higher education
139,0.4934201211114384,0.4031416766587513,-6407.0,-757.0,Cash loans,M,N,Working,Secondary / secondary special
140,0.5300608455353579,0.445396241560834,-72.0,-599.0,Cash loans,F,N,Working,Higher education
141,0.1620346784028127,0.5147465544741232,-9113.0,-2.0,Cash loans,M,Y,Commercial associate,Secondary / secondary special
142,0.5101306544474243,0.5147465544741232,-8138.0,-1521.0,Cash loans,M,Y,State servant,Higher education
143,0.5323479946378277,0.7352209993926424,-3837.0,-318.0,Cash loans,M,Y,Working,Higher education
144,0.5070865056680277,0.7583930617144343,-12411.0,0.0,Cash loans,F,N,Pensioner,Secondary / secondary special
145,0.7415596340892937,0.7165702448010511,-4564.0,-2021.0,Cash loans,F,N,Working,Higher education
146,0.4613679468307058,0.5867400085415683,-621.0,-540.0,Cash loans,F,N,Working,Secondary / secondary special
147,0.615644282368553,0.5147465544741232,-4555.0,-944.0,Cash loans,F,N,Working,Secondary / secondary special
148,0.3888500704465537,0.8182475079127519,-9431.0,-1798.0,Cash loans,F,N,Commercial associate,Secondary / secondary special
149,0.6176086733213232,0.5226973172821112,-2320.0,-2039.0,Cash loans,F,N,State servant,Higher education
150,0.2703804415668939,0.2896112383820055,-9396.0,-459.0,Cash loans,F,N,Working,Secondary / secondary special
151,0.6181404682649335,0.6940926425266661,-11607.0,-163.0,Cash loans,M,Y,Pensioner,Secondary / secondary special
152,0.6359548242312549,0.2636468134452008,-11616.0,-2643.0,Cash loans,F,N,Working,Secondary / secondary special
153,0.7706635967959932,0.6092756673894402,-13327.0,-1307.0,Cash loans,F,Y,Working,Higher education
154,0.6065916103372043,0.2910973802776635,-13809.0,-689.0,Cash loans,F,N,Pensioner,Secondary / secondary special
155,0.0470653338419223,0.0441303158529594,-4123.0,0.0,Cash loans,F,N,Commercial associate,Higher education
156,0.5643975951807224,0.7194907850918436,-1775.0,0.0,Cash loans,F,Y,Pensioner,Higher education
157,0.5177563571719683,0.5226973172821112,-5225.0,-2883.0,Cash loans,F,N,Commercial associate,Secondary / secondary special
158,0.6371235031748648,0.646329897706246,-4425.0,-2062.0,Cash loans,M,Y,Commercial associate,Secondary / secondary special
159,0.6942777202309163,0.3233112448967859,-6014.0,-1423.0,Cash loans,M,Y,Working,Incomplete higher
160,0.5796802665181847,0.8027454758994178,-5399.0,-1758.0,Cash loans,M,N,Working,Secondary / secondary special
161,0.6477221404550867,0.5638350489514956,-3108.0,-512.0,Cash loans,M,N,Commercial associate,Higher education
162,0.7878142161114213,0.7597121819739279,-3443.0,-2293.0,Cash loans,F,N,Working,Secondary / secondary special
163,0.4952184956555985,0.6690566947824041,-183.0,0.0,Cash loans,F,Y,Working,Higher education
164,0.6834991546472363,0.2458512138252296,-2729.0,-911.0,Cash loans,F,N,Working,Lower secondary
165,0.6675692723121067,0.2225807646753351,-539.0,-1874.0,Cash loans,F,N,Pensioner,Secondary / secondary special
166,0.2653117484731741,0.5147465544741232,-6938.0,-1202.0,Cash loans,M,N,Pensioner,Secondary / secondary special
167,0.5685273308913262,0.5147465544741232,-1161.0,-398.0,Cash loans,F,Y,Commercial associate,Secondary / secondary special
168,0.4024227953012007,0.5902333386185574,-14502.0,0.0,Cash loans,F,N,Pensioner,Secondary / secondary special
169,0.5735677628617818,0.5147465544741232,-1446.0,-1077.0,Cash loans,M,N,Working,Secondary / secondary special
170,0.5658056387496816,0.6642482627052363,-5483.0,-1637.0,Cash loans,F,N,Working,Secondary / secondary special
171,0.6781104417993604,0.6161216908872079,-8784.0,-2112.0,Cash loans,F,N,Pensioner,Secondary / secondary special
172,0.5967865135919882,0.5147465544741232,-8899.0,0.0,Cash loans,F,N,State servant,Higher education
173,0.4638305887358989,0.2721336844147212,-2576.0,-1622.0,Cash loans,F,N,Working,Secondary / secondary special
174,0.7393954565274254,0.501075160239048,-10736.0,0.0,Cash loans,F,Y,Pensioner,Higher education
175,0.4942728274437728,0.7106743858828587,-7314.0,0.0,Cash loans,M,Y,Commercial associate,Secondary / secondary special
176,0.7604008290073652,0.4241303111942548,-1008.0,-1837.0,Cash loans,F,N,Pensioner,Higher education
177,0.5267041019665738,0.8277026681625442,-6477.0,-2479.0,Cash loans,M,N,Working,Secondary / secondary special
178,0.5402276344664533,0.6430255641096323,-532.0,-537.0,Cash loans,F,N,Commercial associate,Higher education
179,0.5075401608956804,0.6577838002083306,-3738.0,-2584.0,Cash loans,F,N,Working,Secondary / secondary special
180,0.6186410261846138,0.2721336844147212,-8735.0,-425.0,Cash loans,M,Y,Commercial associate,Secondary / secondary special
181,0.5985375338000656,0.5147465544741232,-2552.0,0.0,Cash loans,F,N,Pensioner,Secondary / secondary special
182,0.3724935317864952,0.324891229465852,-4734.0,-1339.0,Cash loans,F,Y,Working,Secondary / secondary special
183,0.6901545933373993,0.2103502286944494,-2927.0,-692.0,Cash loans,F,N,Working,Secondary / secondary special
184,0.1621921059592286,0.7136313997323308,-2648.0,0.0,Cash loans,F,N,Commercial associate,Secondary / secondary special
185,0.4056874505202676,0.4170996682522097,-5024.0,-1521.0,Cash loans,F,N,Commercial associate,Secondary / secondary special
186,0.6214795949926472,0.5147465544741232,-3197.0,-608.0,Cash loans,F,N,Pensioner,Secondary / secondary special
187,0.6417970072242652,0.5147465544741232,-12408.0,0.0,Cash loans,F,N,Working,Secondary / secondary special
188,0.5480222170799227,0.4365064990977374,-995.0,-1931.0,Cash loans,M,Y,Working,Higher education
189,0.568243005448136,0.5147465544741232,-1661.0,-935.0,Cash loans,M,N,Commercial associate,Secondary / secondary special
190,0.6710782044444684,0.0806495443214359,-8167.0,-453.0,Cash loans,M,Y,Working,Secondary / secondary special
191,0.5659775412462638,0.1491674613233488,-704.0,-1821.0,Cash loans,F,N,Working,Higher education
192,0.3810736604882585,0.6674577419214722,-9158.0,-1834.0,Cash loans,F,N,Pensioner,Secondary / secondary special
193,0.7373551185118719,0.6738300778602003,-210.0,-493.0,Cash loans,F,N,Commercial associate,Higher education
194,0.338831379883083,0.4507472818545589,-9929.0,-2377.0,Cash loans,F,N,Working,Secondary / secondary special
195,0.4231391861723664,0.4596904504249018,-1131.0,-2649.0,Cash loans,F,N,Working,Secondary / secondary special
196,0.6612454747026731,0.6690566947824041,-122.0,-1130.0,Cash loans,F,N,Working,Secondary / secondary special
197,0.7195426600951673,0.5147465544741232,-2678.0,-318.0,Revolving loans,F,N,Commercial associate,Secondary / secondary special
198,0.4469546875382219,0.5147465544741232,-13609.0,-2277.0,Cash loans,M,Y,Pensioner,Secondary / secondary special
199,0.6907715114676781,0.6848276586890367,-5232.0,-1050.0,Revolving loans,F,N,Commercial associate,Secondary / secondary special
200,0.2738497597644502,0.5147465544741232,-123.0,-424.0,Cash loans,F,N,Working,Secondary / secondary special
201,0.6613091501540145,0.5989262182569273,-6938.0,-2250.0,Cash loans,M,Y,Working,Secondary / secondary special
202,0.5119830236498211,0.6212263380626669,-206.0,-1401.0,Cash loans,M,N,Commercial associate,Higher education
203,0.258644469358474,0.2525986978339766,-3701.0,-631.0,Cash loans,F,N,Working,Secondary / secondary special
204,0.2814234054216209,0.511891801533151,-6168.0,-699.0,Cash loans,M,Y,Pensioner,Secondary / secondary special
205,0.4035802476726009,0.4083588531230431,-12002.0,-1912.0,Cash loans,F,N,Commercial associate,Higher education
206,0.4570507186351354,0.6817058776720116,-5599.0,-2554.0,Cash loans,M,N,Working,Higher education
207,0.6085936879724012,0.4418358231994413,-3748.0,-329.0,Revolving loans,F,N,Commercial associate,Higher education
208,0.611226262052818,0.1895952597360396,-6742.0,-2064.0,Cash loans,F,Y,Commercial associate,Secondary / secondary special
209,0.7386658333596353,0.7838324335199619,-7518.0,0.0,Cash loans,M,Y,Commercial associate,Secondary / secondary special
210,0.5708806509085741,0.4365064990977374,-1931.0,-1540.0,Cash loans,M,N,Commercial associate,Higher education
211,0.6183727171171592,0.6397075677637197,-8637.0,-2207.0,Cash loans,F,Y,Working,Secondary / secondary special
212,0.6272901756927368,0.5147465544741232,-4110.0,-125.0,Cash loans,M,N,Commercial associate,Secondary / secondary special
213,0.6891623679912944,0.1237353221130787,-1426.0,-29.0,Cash loans,M,Y,Working,Higher education
214,0.6599658347778598,0.6986675550534175,-3871.0,-342.0,Cash loans,F,N,Commercial associate,Higher education
215,0.6078016317401582,0.722392890081304,-3512.0,-2095.0,Cash loans,F,N,Working,Higher education
216,0.5214899366512108,0.6212263380626669,-3851.0,-546.0,Cash loans,F,N,Pensioner,Higher education
217,0.5860071816270582,0.6413682574954046,-12186.0,-1369.0,Revolving loans,M,Y,Working,Higher education
218,0.5595745801358216,0.5352762504724826,-8064.0,-1752.0,Cash loans,F,N,Commercial associate,Secondary / secondary special
219,0.6198423663356946,0.7338145369642702,-1711.0,0.0,Cash loans,M,Y,State servant,Secondary / secondary special
220,0.6742416352591094,0.8435435389318647,-333.0,0.0,Cash loans,M,N,Working,Secondary / secondary special
221,0.0782700541435194,0.3409064264152384,-8564.0,-659.0,Cash loans,F,Y,Working,Higher education
222,0.5942054579159014,0.4974688893052743,-8243.0,-1832.0,Cash loans,F,Y,Working,Secondary / secondary special
223,0.7011357453908916,0.6722428897082422,-633.0,-573.0,Cash loans,F,N,Working,Secondary / secondary special
224,0.3299975832132819,0.5147465544741232,-705.0,-2357.0,Cash loans,F,N,Working,Secondary / secondary special
225,0.6792501690241272,0.1862929496555374,-10151.0,-674.0,Cash loans,M,Y,Pensioner,Higher education
226,0.5219864837586251,0.1595195404777181,-14274.0,-1656.0,Cash loans,M,Y,Working,Higher education
227,0.166240703217692,0.3927738606031339,-1911.0,-1288.0,Cash loans,F,N,Working,Secondary / secondary special
228,0.6670498122508468,0.108924403541012,-6776.0,-1061.0,Cash loans,M,N,Working,Incomplete higher
229,0.7155761978131381,0.3774042489507649,-864.0,-2137.0,Cash loans,F,Y,Working,Secondary / secondary special
230,0.2174515181729481,0.7583930617144343,-2843.0,-1771.0,Cash loans,F,N,Working,Secondary / secondary special
231,0.526676845378904,0.6848276586890367,-4394.0,-923.0,Cash loans,M,Y,Working,Secondary / secondary special
232,0.657202520733189,0.4170996682522097,-5106.0,-1069.0,Cash loans,F,N,Working,Higher education
233,0.2866216680174043,0.5147465544741232,-1389.0,-535.0,Cash loans,F,N,Working,Secondary / secondary special
234,0.6593275927784785,0.7407990879702335,-7810.0,-2174.0,Cash loans,F,N,Pensioner,Secondary / secondary special
235,0.4294980740746072,0.3876253444214701,-7702.0,-913.0,Cash loans,F,N,Pensioner,Secondary / secondary special
236,0.6820213718957288,0.3774042489507649,-12591.0,-1017.0,Revolving loans,F,N,Pensioner,Secondary / secondary special
237,0.2477788214919852,0.5147465544741232,-5107.0,0.0,Cash loans,M,N,Working,Secondary / secondary special
238,0.6354484037290392,0.3296550543128238,-5238.0,-1597.0,Cash loans,F,Y,Commercial associate,Secondary / secondary special
239,0.2966862710498317,0.3280631605201915,-3106.0,-299.0,Cash loans,F,N,Pensioner,Secondary / secondary special
240,0.6183933588427776,0.7281412993111438,-9044.0,-1807.0,Cash loans,F,N,State servant,Secondary / secondary special
241,0.6426963788120629,0.8658959152750668,-4970.0,0.0,Revolving loans,M,Y,Commercial associate,Higher education
242,0.3333859202860153,0.1061556230153924,-285.0,0.0,Cash loans,F,Y,Working,Secondary / secondary special
243,0.1936271739675917,0.5147465544741232,-401.0,0.0,Cash loans,F,N,Working,Higher education
244,0.4424133342667424,0.5147465544741232,-505.0,-410.0,Cash loans,M,Y,Working,Higher education
245,0.5920100952053687,0.3062022983135042,-5613.0,-2615.0,Cash loans,M,Y,Working,Secondary / secondary special
246,0.5357707022857987,0.6092756673894402,-9347.0,-807.0,Cash loans,F,Y,Pensioner,Secondary / secondary special
247,0.2698415396188529,0.3589512285783967,-5500.0,-1365.0,Cash loans,M,Y,Working,Secondary / secondary special
248,0.7478702373741766,0.1963339662134567,-6192.0,-1134.0,Cash loans,M,Y,Commercial associate,Higher education
249,0.2622583692422573,0.1624419982223248,-158.0,-1199.0,Cash loans,F,N,Working,Secondary / secondary special
250,0.6352305505967334,0.7688075728291359,-6426.0,-1922.0,Cash loans,M,Y,Working,Secondary / secondary special
251,0.6505460946221832,0.5147465544741232,-320.0,-136.0,Cash loans,M,Y,Commercial associate,Secondary / secondary special
252,0.3205482834407718,0.7407990879702335,-5055.0,-489.0,Cash loans,F,N,Working,Secondary / secondary special
253,0.5870837114405147,0.2955826421513093,-7785.0,-318.0,Cash loans,F,N,Pensioner,Secondary / secondary special
254,0.6617791879685126,0.2276129150623945,-4300.0,-550.0,Cash loans,F,Y,Commercial associate,Secondary / secondary special
255,0.6424301888382754,0.5147465544741232,-11441.0,-3179.0,Cash loans,F,N,Working,Higher education
256,0.6374773294206882,0.5147465544741232,-6746.0,-609.0,Cash loans,F,N,Commercial associate,Secondary / secondary special
257,0.4435302597126071,0.4436153084085652,-4152.0,-1858.0,Cash loans,F,Y,State servant,Higher education
258,0.3409951313388538,0.7713615919194317,-8560.0,-394.0,Cash loans,M,Y,Working,Secondary / secondary special
259,0.5357652633664656,0.7922644738669378,-8918.0,-1218.0,Cash loans,F,N,Commercial associate,Higher education
260,0.518870107308416,0.2301588968634147,-3013.0,-904.0,Cash loans,M,Y,Working,Secondary / secondary special
261,0.7645472646060419,0.3217352821966848,-9421.0,-1114.0,Cash loans,F,Y,Commercial associate,Secondary / secondary special
262,0.3378327284176807,0.5046813193144684,-3886.0,-2.0,Cash loans,F,Y,Pensioner,Higher education
263,0.6387650064169437,0.8327850252992314,-8482.0,-296.0,Cash loans,M,N,Working,Secondary / secondary special
264,0.5139333920277906,0.3360615207658242,-4529.0,-241.0,Cash loans,F,N,Working,Secondary / secondary special
265,0.447516913026848,0.2353105173615833,-6291.0,-1865.0,Cash loans,F,N,Working,Secondary / secondary special
266,0.7360104380710828,0.511891801533151,-1815.0,-1919.0,Cash loans,F,N,Working,Secondary / secondary special
267,0.6684131318800383,0.5147465544741232,-6061.0,-338.0,Cash loans,F,Y,Working,Higher education
268,0.4325334264964473,0.501075160239048,-9157.0,0.0,Cash loans,F,Y,Working,Secondary / secondary special
269,0.0117949163241177,0.0720131886405828,-7122.0,-30.0,Cash loans,F,N,Commercial associate,Secondary / secondary special
270,0.6178565352239239,0.6577838002083306,-5109.0,-3042.0,Cash loans,M,Y,Commercial associate,Higher education
271,0.775710152979941,0.7700870700124128,-2546.0,-2012.0,Cash loans,M,Y,Working,Higher education
272,0.6994651479775893,0.5147465544741232,-4482.0,-1249.0,Cash loans,F,N,Pensioner,Secondary / secondary special
273,0.2979014539258247,0.6313545365850379,-5928.0,-1317.0,Cash loans,F,N,State servant,Higher education
274,0.6050511162804846,0.5147465544741232,-9376.0,-762.0,Cash loans,F,N,Pensioner,Secondary / secondary special
275,0.7016807451613278,0.7776594425716818,-3048.0,-1543.0,Cash loans,F,Y,Working,Secondary / secondary special
276,0.5020792918735825,0.8128226070575616,-6720.0,-1.0,Cash loans,F,N,Working,Secondary / secondary special
277,0.5133871105774191,0.5147465544741232,-5459.0,-1481.0,Cash loans,F,N,Working,Secondary / secondary special
278,0.4457442028405465,0.5147465544741232,-7278.0,-110.0,Cash loans,F,N,Pensioner,Secondary / secondary special
279,0.4439728718238079,0.5226973172821112,-3320.0,0.0,Cash loans,M,N,Working,Secondary / secondary special
280,0.6617057655803965,0.4974688893052743,-9636.0,-1631.0,Cash loans,M,N,Working,Secondary / secondary special
281,0.6868623618412929,0.7713615919194317,-29.0,-295.0,Cash loans,M,Y,State servant,Secondary / secondary special
282,0.6476822217842916,0.5147465544741232,-4243.0,-1601.0,Cash loans,M,Y,Working,Secondary / secondary special
283,0.3928954775909344,0.6023863442690867,-4456.0,0.0,Cash loans,M,N,Commercial associate,Secondary / secondary special
284,0.7641927963128015,0.6006575372857061,-6925.0,-1624.0,Cash loans,F,N,Commercial associate,Secondary / secondary special
285,0.6442666068223919,0.5147465544741232,-10095.0,-1943.0,Cash loans,M,N,Working,Secondary / secondary special
286,0.6401715948296864,0.5100895276257282,-7674.0,0.0,Cash loans,F,N,Working,Secondary / secondary special
287,0.4253237971773737,0.4014074137749511,-2504.0,-492.0,Cash loans,F,Y,Working,Higher education
288,0.5374074244526348,0.2127563054543414,-9679.0,-333.0,Cash loans,F,N,Commercial associate,Incomplete higher
289,0.4764842596771886,0.2103502286944494,-1822.0,0.0,Cash loans,F,N,Commercial associate,Secondary / secondary special
290,0.4661643889935227,0.5147465544741232,-5603.0,-1416.0,Cash loans,F,N,Pensioner,Secondary / secondary special
291,0.3505567878730654,0.7826078370261895,-10115.0,-1463.0,Cash loans,F,N,Pensioner,Secondary / secondary special
292,0.7796308500154442,0.5460231970049609,-9021.0,-1747.0,Cash loans,F,N,Working,Secondary / secondary special
293,0.5574177560893995,0.324891229465852,-3784.0,0.0,Cash loans,F,Y,Commercial associate,Secondary / secondary special
294,0.6113249884349915,0.6894791426446275,-3809.0,-1610.0,Cash loans,F,Y,Commercial associate,Higher education
295,0.7060291592067234,0.5442347412142162,-22.0,-835.0,Cash loans,M,N,Working,Secondary / secondary special
296,0.6683840512431313,0.4561097392782771,-1613.0,-1004.0,Cash loans,M,Y,Commercial associate,Secondary / secondary special
297,0.6028699790154685,0.4848514754962666,-1645.0,-1127.0,Cash loans,F,N,Working,Secondary / secondary special
298,0.743211582123909,0.5082869913916046,-14964.0,-396.0,Cash loans,F,N,Pensioner,Secondary / secondary special
299,0.5897475667402261,0.6109913280868294,-4780.0,0.0,Cash loans,F,N,State servant,Secondary / secondary special
300,0.3918892373888265,0.2608559142068693,-13597.0,-429.0,Cash loans,F,N,State servant,Higher education
301,0.7048295294035527,0.5190973382084597,-2289.0,-1148.0,Cash loans,M,Y,Working,Secondary / secondary special
302,0.5439730306193737,0.6092756673894402,-6247.0,0.0,Cash loans,F,N,Commercial associate,Higher education
303,0.3930989218884444,0.4118485559242397,-2882.0,-1645.0,Cash loans,F,Y,Commercial associate,Secondary / secondary special
304,0.6284602082045604,0.3185955240537633,-4762.0,-1879.0,Cash loans,F,N,Working,Secondary / secondary special
305,0.4004208744272568,0.5147465544741232,-3331.0,-664.0,Cash loans,M,Y,Commercial associate,Secondary / secondary special
306,0.7792624439055533,0.7862666146611379,-8822.0,-3297.0,Cash loans,F,N,Commercial associate,Secondary / secondary special
307,0.7560957905236348,0.520897599048938,-5755.0,-636.0,Cash loans,M,N,Working,Higher education
308,0.6952793695170073,0.5147465544741232,-9799.0,-615.0,Cash loans,F,N,Working,Secondary / secondary special
309,0.1870295100860709,0.1873887653772306,-5054.0,0.0,Cash loans,F,N,Working,Secondary / secondary special
310,0.5391737436198613,0.4400578303966329,-5421.0,0.0,Cash loans,F,Y,Commercial associate,Secondary / secondary special
311,0.594405809686534,0.7091891096653581,-1422.0,-1158.0,Cash loans,F,N,Working,Higher education
312,0.6667000403244485,0.5919766183185521,-6681.0,-2897.0,Cash loans,M,Y,State servant,Higher education
313,0.5074964356194438,0.6178261467332483,-5313.0,-682.0,Cash loans,M,N,Commercial associate,Secondary / secondary special
314,0.7023029018780648,0.7267112092725122,-5767.0,0.0,Cash loans,M,Y,Working,Higher education
315,0.1922651087487897,0.4329616670974407,-7481.0,-364.0,Cash loans,F,N,Pensioner,Secondary / secondary special
316,0.2961937073680762,0.4794489811780563,-447.0,-1975.0,Cash loans,M,N,Commercial associate,Secondary / secondary special
317,0.5933615281227997,0.3807996826489149,-2626.0,-1993.0,Cash loans,F,N,State servant,Higher education
318,0.6530524018150384,0.5064842396679806,-3538.0,-1260.0,Revolving loans,M,Y,Working,Secondary / secondary special
319,0.3408624650580163,0.2067786544915716,-4450.0,0.0,Cash loans,F,N,Working,Secondary / secondary special
320,0.5613145796836814,0.4650692149562261,-8273.0,-1272.0,Revolving loans,M,Y,Pensioner,Secondary / secondary special
321,0.7181416440957648,0.5585066276769286,-2617.0,-559.0,Cash loans,F,N,Pensioner,Higher education
322,0.0693961356917759,0.7544061731797895,-2535.0,-745.0,Cash loans,F,N,Working,Lower secondary
323,0.5223083977387568,0.6658549219640212,-6065.0,-486.0,Cash loans,F,N,Pensioner,Higher education
324,0.20534377628589,0.5814837058057234,-2991.0,-6.0,Cash loans,F,Y,Working,Higher education
325,0.5978542488721483,0.5567274263630174,-8598.0,-1386.0,Cash loans,F,N,Pensioner,Higher education
326,0.5514971884313318,0.7992967832109371,-8335.0,-2345.0,Cash loans,F,N,State servant,Secondary / secondary special
327,0.6580050880576074,0.3825018041447388,-7602.0,-2373.0,Cash loans,F,N,Working,Higher education
328,0.4923652238454202,0.5147465544741232,-2088.0,-500.0,Cash loans,F,N,Working,Incomplete higher
329,0.0577698271071805,0.1566398270314114,-3992.0,0.0,Cash loans,F,Y,Working,Higher education
330,0.6436198258595928,0.5989262182569273,-35.0,-1313.0,Revolving loans,F,N,Commercial associate,Higher education
331,0.7128535175898938,0.4436153084085652,-2085.0,0.0,Cash loans,M,Y,Commercial associate,Secondary / secondary special
332,0.6784540145619619,0.5147465544741232,-7178.0,-2489.0,Cash loans,M,N,Working,Secondary / secondary special
333,0.7095297913632989,0.5388627065779676,-504.0,-1435.0,Cash loans,M,N,Commercial associate,Secondary / secondary special
334,0.677131159007631,0.5147465544741232,-15299.0,-402.0,Revolving loans,F,Y,Pensioner,Secondary / secondary special
335,0.5441194913321937,0.6832688314232291,-8467.0,-1498.0,Cash loans,F,N,Working,Secondary / secondary special
336,0.7011724019384843,0.807273923277881,-10737.0,-1596.0,Cash loans,M,Y,Pensioner,Higher education
337,0.3205292329573365,0.5147465544741232,-524.0,-514.0,Cash loans,M,N,Working,Secondary / secondary special
338,0.4821054464814333,0.2340151665320674,-177.0,-2881.0,Revolving loans,F,Y,Working,Higher education
339,0.3962073143670647,0.5884877883422673,-9202.0,-526.0,Cash loans,F,N,Working,Secondary / secondary special
340,0.6034352740925901,0.7295666907060153,-6458.0,-2048.0,Cash loans,F,N,Commercial associate,Higher education
341,0.5848926648466273,0.7726311345553628,-3904.0,-1130.0,Cash loans,M,Y,Working,Incomplete higher
342,0.0606451519397139,0.1393757800997895,-899.0,-1816.0,Cash loans,F,N,Working,Secondary / secondary special
343,0.6609466119568687,0.1428725230413196,-3017.0,-1607.0,Cash loans,M,Y,Working,Secondary / secondary special
344,0.7628147601025679,0.5744466170995097,-1310.0,-184.0,Revolving loans,F,N,Working,Higher education
345,0.7148858446358459,0.5388627065779676,-5235.0,-337.0,Cash loans,F,N,Pensioner,Higher education
346,0.5307906967941924,0.6817058776720116,-1112.0,-744.0,Cash loans,F,N,Working,Secondary / secondary special
347,0.721238482301187,0.5147465544741232,-6087.0,0.0,Cash loans,F,N,Working,Higher education
348,0.6432385310569521,0.6109913280868294,-8487.0,-145.0,Cash loans,F,N,Commercial associate,Higher education
349,0.5989630795140315,0.5814837058057234,-3659.0,-345.0,Cash loans,F,N,Commercial associate,Secondary / secondary special
350,0.4630203800462848,0.5495965024956946,-118.0,-1499.0,Cash loans,F,Y,State servant,Secondary / secondary special
351,0.7133992975601597,0.6610235391308081,-1645.0,-2572.0,Cash loans,F,N,Working,Secondary / secondary special
352,0.7536558628994546,0.6512602186973006,-5678.0,0.0,Cash loans,F,N,Commercial associate,Secondary / secondary special
353,0.5882441576664376,0.6075573001388961,-4822.0,-1227.0,Revolving loans,F,Y,Working,Secondary / secondary special
354,0.3396009287929683,0.7570690154522959,-4445.0,-525.0,Cash loans,M,N,Commercial associate,Higher education
355,0.267499854799636,0.3185955240537633,-1701.0,0.0,Cash loans,F,N,Pensioner,Secondary / secondary special
356,0.7072168829207802,0.2650494299443805,-9714.0,-518.0,Cash loans,F,N,Commercial associate,Higher education
357,0.1597760869084923,0.8095082892315094,-4871.0,-188.0,Cash loans,M,N,State servant,Secondary / secondary special
358,0.6194816021840208,0.7016957740576931,-2953.0,-1908.0,Cash loans,F,N,Working,Secondary / secondary special
359,0.4885452749777275,0.622922000268356,-725.0,-1013.0,Cash loans,F,N,Working,Secondary / secondary special
360,0.6255041589917217,0.5147465544741232,-6338.0,-191.0,Cash loans,F,Y,Working,Secondary / secondary special
361,0.3182949771741501,0.5147465544741232,-7728.0,-231.0,Revolving loans,F,Y,Commercial associate,Secondary / secondary special
362,0.5474046663419821,0.6195277080511546,-2425.0,-159.0,Cash loans,F,N,Pensioner,Secondary / secondary special
363,0.5704359602152439,0.4400578303966329,-8838.0,-1813.0,Cash loans,M,Y,Commercial associate,Secondary / secondary special
364,0.7748033572498417,0.6263042766749393,-2595.0,-1306.0,Cash loans,M,Y,Working,Higher education
365,0.6456786649212646,0.3539876078507373,-12716.0,-766.0,Cash loans,M,Y,Working,Secondary / secondary special
366,0.6162908834820827,0.646329897706246,-9567.0,-2883.0,Cash loans,F,N,State servant,Higher education
367,0.6605397565442875,0.2822484337007223,-2232.0,-704.0,Cash loans,F,N,Working,Secondary / secondary special
368,0.0261715407935011,0.5046813193144684,-34.0,-301.0,Cash loans,F,Y,Pensioner,Secondary / secondary special
369,0.147113201691613,0.6313545365850379,-915.0,-2208.0,Cash loans,F,N,Commercial associate,Secondary / secondary special
370,0.0017018652207784,0.5147465544741232,-12245.0,0.0,Cash loans,F,N,Pensioner,Secondary / secondary special
371,0.5769178679638441,0.5937175866150576,-5094.0,-757.0,Cash loans,F,N,Working,Secondary / secondary special
372,0.652155068350052,0.8245949709919925,-2625.0,-2112.0,Revolving loans,F,Y,Working,Secondary / secondary special
373,0.6011042890867508,0.5147465544741232,-9271.0,0.0,Cash loans,M,N,Working,Secondary / secondary special
374,0.516074482080717,0.4066174366275036,-8251.0,-1809.0,Cash loans,M,N,Working,Secondary / secondary special
375,0.6877083385205267,0.746300213050371,-13244.0,-403.0,Cash loans,F,N,Commercial associate,Secondary / secondary special
376,0.6368909078716479,0.2340151665320674,-8289.0,-170.0,Revolving loans,F,N,Commercial associate,Higher education
377,0.2186296898780736,0.6528965519806539,-2224.0,-320.0,Cash loans,M,N,Commercial associate,Secondary / secondary special
378,0.5778569921609762,0.3807996826489149,-2382.0,-1109.0,Revolving loans,M,Y,Working,Secondary / secondary special
379,0.6290574178315735,0.5656079814115492,-1278.0,-1289.0,Cash loans,F,N,Working,Secondary / secondary special
380,0.3759039801494201,0.7281412993111438,-2392.0,-924.0,Cash loans,M,Y,State servant,Secondary / secondary special
381,0.6081091422528817,0.4543210601605785,-3080.0,-2346.0,Cash loans,M,Y,Working,Secondary / secondary special
382,0.5958653150845469,0.5147465544741232,-569.0,-599.0,Cash loans,M,N,Commercial associate,Secondary / secondary special
383,0.2556161560213347,0.1963339662134567,-5159.0,-1692.0,Cash loans,F,N,Working,Secondary / secondary special
384,0.6343738009908092,0.4830501881366946,-5469.0,-1512.0,Cash loans,M,Y,Working,Secondary / secondary special
385,0.6734053611261612,0.7726311345553628,-2417.0,-1861.0,Cash loans,F,N,Working,Higher education
386,0.4516673789312612,0.4830501881366946,-3388.0,-1421.0,Cash loans,M,Y,Working,Secondary / secondary special
387,0.6128151614239629,0.7826078370261895,-12321.0,-661.0,Cash loans,M,N,Working,Secondary / secondary special
388,0.5078626312015835,0.1146524943029705,-645.0,-473.0,Cash loans,F,N,Working,Secondary / secondary special
389,0.2985559118057282,0.4543210601605785,-2973.0,-391.0,Cash loans,F,Y,Working,Higher education
390,0.3257664773792456,0.5147465544741232,-9201.0,-165.0,Revolving loans,M,N,Working,Higher education
391,0.401103574585424,0.6347055309763198,-8077.0,0.0,Revolving loans,F,N,Working,Secondary / secondary special
392,0.7454421334778405,0.3217352821966848,-3287.0,-801.0,Revolving loans,M,N,Commercial associate,Higher education
393,0.5490836243329847,0.1351060157401717,-6115.0,-1799.0,Cash loans,F,N,Working,Secondary / secondary special
394,0.3088161356380574,0.656158373001177,-3212.0,-1298.0,Cash loans,F,N,Pensioner,Lower secondary
395,0.4455713286373088,0.2636468134452008,-3386.0,-624.0,Cash loans,M,Y,Commercial associate,Higher education
396,0.6643440433239249,0.5147465544741232,-3769.0,-1486.0,Cash loans,F,Y,Working,Higher education
397,0.468249200187121,0.2263473957097693,-1510.0,-1373.0,Cash loans,M,Y,Working,Secondary / secondary special
398,0.2867647696261356,0.5147465544741232,-7519.0,-565.0,Cash loans,F,Y,Working,Secondary / secondary special
399,0.6637586382195549,0.7121551551910698,-6852.0,-2713.0,Cash loans,F,Y,Working,Secondary / secondary special
400,0.173319989824917,0.2151824041847538,-1476.0,-72.0,Cash loans,F,N,Working,Secondary / secondary special
401,0.3410639310708214,0.5147465544741232,-7425.0,0.0,Cash loans,M,N,Working,Higher education
402,0.0869430614783177,0.6512602186973006,-4976.0,-229.0,Cash loans,M,N,Working,Secondary / secondary special
403,0.4716591054914008,0.7435593141311444,-2466.0,-2523.0,Cash loans,F,N,Working,Higher education
404,0.3000509744335736,0.7610263695502636,-9388.0,-562.0,Cash loans,M,Y,State servant,Secondary / secondary special
405,0.1022278907949018,0.6178261467332483,-3944.0,-102.0,Cash loans,F,Y,Commercial associate,Higher education
406,0.6664910611458312,0.5147465544741232,-8642.0,-2151.0,Cash loans,M,Y,Working,Higher education
407,0.6107792812482001,0.5147465544741232,-3189.0,-1424.0,Cash loans,F,N,Pensioner,Secondary / secondary special
408,0.7058521203646159,0.4048783643353997,-10149.0,-643.0,Cash loans,F,N,Working,Secondary / secondary special
409,0.6998419559857251,0.4276573700350293,-10158.0,-2858.0,Cash loans,F,N,Pensioner,Secondary / secondary special
410,0.2608181866660505,0.5147465544741232,-603.0,-339.0,Cash loans,F,N,Working,Secondary / secondary special
411,0.7081397254401601,0.6894791426446275,-3968.0,0.0,Cash loans,M,N,Working,Secondary / secondary special
412,0.551767618359131,0.722392890081304,-3308.0,0.0,Revolving loans,M,Y,Working,Secondary / secondary special
413,0.5382390728716657,0.5867400085415683,-1020.0,-2761.0,Revolving loans,F,Y,Pensioner,Secondary / secondary special
414,0.5568943966947283,0.6195277080511546,-9120.0,-1158.0,Revolving loans,F,N,Commercial associate,Secondary / secondary special
415,0.4316265697830631,0.5937175866150576,-577.0,-902.0,Cash loans,F,N,Working,Secondary / secondary special
416,0.6537803760883791,0.3910549766342248,-303.0,-479.0,Cash loans,M,Y,Working,Secondary / secondary special
417,0.2858978721410488,0.8128226070575616,-6708.0,-1565.0,Cash loans,F,N,Pensioner,Higher education
418,0.6787544824073725,0.5602843280409464,-6335.0,-90.0,Cash loans,M,Y,Working,Secondary / secondary special
419,0.6429424006629105,0.5147465544741232,-2656.0,-659.0,Cash loans,M,Y,Working,Incomplete higher
420,0.6480214646919585,0.5147465544741232,-714.0,-551.0,Cash loans,M,Y,Commercial associate,Secondary / secondary special
421,0.4210055498290305,0.6313545365850379,-235.0,-1441.0,Cash loans,M,Y,Working,Higher education
422,0.1542654241327621,0.6161216908872079,-7885.0,-401.0,Cash loans,F,Y,Working,Secondary / secondary special
423,0.7479320827285908,0.2764406945454034,-64.0,-1365.0,Cash loans,F,N,Commercial associate,Secondary / secondary special
424,0.0417373154329372,0.5147465544741232,-889.0,0.0,Cash loans,M,Y,Working,Secondary / secondary special
425,0.2148358644262548,0.3062022983135042,-4538.0,-1694.0,Cash loans,F,Y,Working,Secondary / secondary special
426,0.1358381374554662,0.5147465544741232,-9523.0,0.0,Cash loans,F,N,Pensioner,Incomplete higher
427,0.314699792851935,0.6446794549585961,-6607.0,0.0,Cash loans,M,Y,State servant,Secondary / secondary special
428,0.4600259679843087,0.4884551844437485,-9894.0,0.0,Cash loans,M,N,Working,Secondary / secondary special
429,0.580830692259332,0.6446794549585961,-6720.0,-44.0,Cash loans,F,Y,Commercial associate,Higher education
430,0.6665688284885032,0.6610235391308081,-4830.0,0.0,Cash loans,F,N,State servant,Higher education
431,0.2650475600360688,0.3910549766342248,-6365.0,-1905.0,Cash loans,M,Y,Commercial associate,Secondary / secondary special
432,0.7434577346902086,0.5147465544741232,-1163.0,-647.0,Cash loans,F,N,Working,Higher education
433,0.6598333245039608,0.5147465544741232,-5690.0,-340.0,Cash loans,F,N,Working,Secondary / secondary special
434,0.6347135612265906,0.6397075677637197,-7909.0,0.0,Cash loans,F,N,Pensioner,Secondary / secondary special
435,0.6331048600866256,0.3077366963789207,-6564.0,-1.0,Cash loans,F,N,Working,Incomplete higher
436,0.5145670367196721,0.1376544619182607,-9166.0,-477.0,Cash loans,F,Y,Pensioner,Secondary / secondary special
437,0.2431496315852681,0.5620604831738043,-5073.0,-1684.0,Cash loans,M,N,Working,Higher education
438,0.6008735586661283,0.5971924268337128,-4380.0,-1449.0,Cash loans,F,N,Pensioner,Secondary / secondary special
439,0.6624983145982638,0.3123653692278984,-4436.0,-787.0,Cash loans,M,N,Working,Higher education
440,0.5242122128605301,0.6446794549585961,-7741.0,-115.0,Cash loans,F,N,Pensioner,Secondary / secondary special
441,0.7418193847213275,0.5226973172821112,-4816.0,-1462.0,Cash loans,F,N,Working,Higher education
442,0.4165133360513241,0.4276573700350293,-8823.0,-653.0,Cash loans,F,N,Pensioner,Secondary / secondary special
443,0.5820227987027429,0.3706496323299817,-104.0,-1521.0,Cash loans,M,N,Commercial associate,Secondary / secondary special
444,0.2653117484731741,0.5147465544741232,-9601.0,0.0,Cash loans,F,N,Pensioner,Secondary / secondary special
445,0.7800926127822719,0.6109913280868294,-15337.0,-2688.0,Cash loans,F,Y,Pensioner,Secondary / secondary special
446,0.0068661959799502,0.7713615919194317,-8291.0,-387.0,Cash loans,F,N,Pensioner,Secondary / secondary special
447,0.6961542984694281,0.5147465544741232,-7110.0,-2382.0,Cash loans,F,N,State servant,Higher education
448,0.58987982925765,0.6212263380626669,-4763.0,-1173.0,Cash loans,F,N,Pensioner,Secondary / secondary special
449,0.6600934136090764,0.813917469762627,-5324.0,-2420.0,Cash loans,M,N,Working,Secondary / secondary special
450,0.2259480015096723,0.5334816299804352,-5005.0,-1462.0,Cash loans,M,N,Working,Secondary / secondary special
451,0.0772195639903358,0.237916079507114,-105.0,-541.0,Cash loans,M,Y,Working,Secondary / secondary special
452,0.5789608097707029,0.2512394458905693,-3951.0,-441.0,Cash loans,F,N,Commercial associate,Secondary / secondary special
453,0.7214494679127399,0.7180328113294772,-9999.0,-1867.0,Cash loans,F,N,Working,Secondary / secondary special
454,0.4919115837183778,0.5531646987710016,-7032.0,0.0,Revolving loans,F,Y,Working,Higher education
455,0.773219801536686,0.5064842396679806,-2955.0,-429.0,Cash loans,M,N,Commercial associate,Secondary / secondary special
456,0.4936660903820638,0.5971924268337128,-12981.0,-221.0,Cash loans,F,Y,Pensioner,Secondary / secondary special
457,0.7797886032673821,0.7267112092725122,-7856.0,-283.0,Cash loans,F,N,State servant,Secondary / secondary special
458,0.0620351218021731,0.5147465544741232,-1702.0,-1.0,Cash loans,M,N,Working,Secondary / secondary special
459,0.4941197749921307,0.6430255641096323,-5381.0,-306.0,Cash loans,M,Y,Commercial associate,Higher education
460,0.7552560102840975,0.1253078784282391,-629.0,-734.0,Cash loans,F,N,Commercial associate,Secondary / secondary special
461,0.6312183499878207,0.8277026681625442,-208.0,-620.0,Cash loans,F,Y,Working,Higher education
462,0.0055868630916305,0.5147465544741232,-6393.0,-1012.0,Cash loans,F,N,Working,Secondary / secondary special
463,0.6498597458705573,0.4902575124990026,-1109.0,-1250.0,Cash loans,F,N,Commercial associate,Secondary / secondary special
464,0.3405922960567361,0.5147465544741232,-2433.0,-290.0,Cash loans,F,N,Pensioner,Secondary / secondary special
465,0.6476123591472978,0.5147465544741232,-12047.0,-266.0,Cash loans,M,Y,Pensioner,Secondary / secondary special
466,0.7028329737782496,0.4241303111942548,-6971.0,0.0,Revolving loans,F,N,Working,Secondary / secondary special
467,0.6925157537313434,0.6413682574954046,-2084.0,-1634.0,Cash loans,F,N,State servant,Higher education
468,0.2908836109580191,0.4188542886233217,-3169.0,0.0,Cash loans,M,N,Pensioner,Secondary / secondary special
469,0.6856806160847104,0.4596904504249018,-733.0,-769.0,Cash loans,F,Y,Working,Higher education
470,0.4503733296905408,0.722392890081304,-10527.0,-10.0,Cash loans,F,N,Pensioner,Secondary / secondary special
471,0.7977668482826243,0.7503751495159068,-4458.0,-499.0,Cash loans,F,Y,Commercial associate,Secondary / secondary special
472,0.334752932271088,0.5989262182569273,-619.0,0.0,Cash loans,F,Y,Working,Secondary / secondary special
473,0.6025453335462858,0.7490217048463391,-2963.0,-1860.0,Cash loans,M,N,Working,Higher education
474,0.4726019397886651,0.520897599048938,-2560.0,-2442.0,Cash loans,M,Y,Commercial associate,Secondary / secondary special
475,0.6257039132612154,0.5424451438613613,-5144.0,-1523.0,Cash loans,M,N,Working,Secondary / secondary special
476,0.3323030565870269,0.22009464485041,-1443.0,-308.0,Cash loans,M,Y,Pensioner,Secondary / secondary special
477,0.1734422183176054,0.8224987619370829,-12041.0,-534.0,Cash loans,F,N,Working,Secondary / secondary special
478,0.1556111092120708,0.2636468134452008,-2887.0,0.0,Cash loans,M,N,Commercial associate,Secondary / secondary special
479,0.5879898967607589,0.816092360478441,-68.0,-1225.0,Cash loans,F,Y,Working,Higher education
480,0.6191207060449163,0.326475210066026,-807.0,-1.0,Cash loans,F,N,Commercial associate,Higher education
481,0.2651285031317412,0.5709165417729987,-81.0,0.0,Cash loans,M,Y,Commercial associate,Secondary / secondary special
482,0.2079861055689753,0.3062022983135042,-7006.0,-1962.0,Cash loans,F,N,Working,Secondary / secondary special
483,0.7029151774744234,0.4507472818545589,-5995.0,-783.0,Cash loans,M,N,Pensioner,Secondary / secondary special
484,0.7404474921584283,0.5147465544741232,-11102.0,-531.0,Revolving loans,F,N,Commercial associate,Higher education
485,0.5877355888846567,0.4471785780453068,-3962.0,-942.0,Cash loans,M,N,Working,Secondary / secondary special
486,0.5055122909528535,0.5147465544741232,-4732.0,-1506.0,Cash loans,F,N,Commercial associate,Secondary / secondary special
487,0.2929628586027528,0.5147465544741232,-3129.0,0.0,Cash loans,M,N,Pensioner,Secondary / secondary special
488,0.2624530379233128,0.2327247762679433,-2038.0,-288.0,Cash loans,M,Y,Working,Secondary / secondary special
489,0.6327695507273182,0.5147465544741232,-8776.0,-1048.0,Cash loans,F,Y,Working,Incomplete higher
490,0.3126425390159315,0.4276573700350293,-1318.0,-1197.0,Cash loans,F,Y,Working,Incomplete higher
491,0.6064663607464851,0.6109913280868294,-7030.0,-716.0,Cash loans,F,N,Pensioner,Secondary / secondary special
492,0.6459637736134572,0.375711009574066,-7165.0,-108.0,Cash loans,F,N,Working,Higher education
493,0.7116658764196551,0.3523399726917038,-5824.0,-779.0,Cash loans,F,N,State servant,Higher education
494,0.4634227414324017,0.2985949897873972,-1138.0,-457.0,Cash loans,M,Y,Commercial associate,Secondary / secondary special
495,0.4986078287554971,0.3474182272002641,-8186.0,-2062.0,Cash loans,F,N,Working,Secondary / secondary special
496,0.6611572990558499,0.6863823354047934,-10989.0,-343.0,Revolving loans,F,N,Working,Secondary / secondary special
497,0.5858904638091644,0.5352762504724826,-3488.0,0.0,Cash loans,M,Y,Commercial associate,Higher education
498,0.6411985478625636,0.5406544504453575,-5287.0,-1556.0,Cash loans,M,Y,Commercial associate,Secondary / secondary special
499,0.6737034707002064,0.2721336844147212,-5129.0,-1671.0,Cash loans,F,N,State servant,Secondary / secondary special
500,0.3197962445599635,0.5154953751603267,-9169.0,-290.0,Cash loans,F,N,Pensioner,Secondary / secondary special
501,0.7253698153421709,0.1684161714286957,-2188.0,-2082.0,Cash loans,F,N,Working,Secondary / secondary special
502,0.0488269617763882,0.5954562029091491,-3601.0,-132.0,Cash loans,M,Y,Working,Secondary / secondary special
503,0.7270524482509491,0.248535557339522,-6647.0,-2945.0,Cash loans,F,Y,Commercial associate,Higher education
504,0.7081171272008381,0.5334816299804352,-7.0,-722.0,Revolving loans,F,N,Working,Higher education
505,0.3970603338557857,0.445396241560834,-6012.0,-1.0,Cash loans,M,Y,Working,Secondary / secondary special
506,0.6992214578556262,0.3217352821966848,-4579.0,-449.0,Cash loans,F,Y,Commercial associate,Higher education
507,0.6068003285087242,0.2418614865234661,-4961.0,-595.0,Revolving loans,F,N,Commercial associate,Secondary / secondary special
508,0.5893718704769024,0.5147465544741232,-8632.0,-485.0,Cash loans,M,N,Pensioner,Secondary / secondary special
509,0.5890119509375292,0.6363761710860439,-9735.0,-689.0,Cash loans,F,Y,Working,Secondary / secondary special
510,0.5346283444762738,0.5442347412142162,-1592.0,-2407.0,Revolving loans,F,N,Working,Higher education
511,0.1338356480672624,0.5620604831738043,-9202.0,-880.0,Cash loans,F,N,Commercial associate,Secondary / secondary special
512,0.6213149669473919,0.633031641417419,-4027.0,-233.0,Cash loans,F,N,Commercial associate,Higher education
513,0.7091194971702166,0.8128226070575616,-7323.0,-1173.0,Cash loans,F,N,Working,Secondary / secondary special
514,0.6996397998667728,0.7180328113294772,-4777.0,-1659.0,Cash loans,F,N,State servant,Higher education
515,0.2000885267061168,0.221335206354466,-3080.0,-309.0,Cash loans,F,N,Working,Incomplete higher
516,0.5210479194036634,0.4101025731788671,-8104.0,-109.0,Cash loans,M,N,Working,Secondary / secondary special
517,0.7815409407607059,0.1684161714286957,-3460.0,-1172.0,Cash loans,F,Y,Working,Higher education
518,0.5384510278356376,0.4241303111942548,-10277.0,-660.0,Cash loans,F,N,Working,Secondary / secondary special
519,0.3641347349531033,0.5147465544741232,-7894.0,-182.0,Cash loans,M,Y,Working,Secondary / secondary special
520,0.7318126829643194,0.4223696523543468,-11257.0,-1.0,Cash loans,M,Y,Working,Secondary / secondary special
521,0.5498793872800003,0.5867400085415683,-7251.0,-179.0,Revolving loans,F,N,Working,Secondary / secondary special
522,0.6568920846765708,0.5370699579791587,-9022.0,-423.0,Revolving loans,M,Y,Commercial associate,Higher education
523,0.7200983490572813,0.6722428897082422,-3678.0,-677.0,Cash loans,F,N,Pensioner,Secondary / secondary special
524,0.7382012251827913,0.4740512892789932,-7820.0,-2385.0,Cash loans,F,N,Working,Secondary / secondary special
525,0.6874546765082346,0.520897599048938,-7023.0,-1498.0,Revolving loans,F,N,Commercial associate,Secondary / secondary special
526,0.6652455535661644,0.2594676548211199,-3501.0,-628.0,Cash loans,F,N,Commercial associate,Higher education
527,0.424014811199063,0.6109913280868294,-8270.0,-1540.0,Cash loans,F,N,Pensioner,Secondary / secondary special
528,0.5862087623744292,0.2405414172860865,-2975.0,-323.0,Cash loans,F,Y,Working,Higher education
529,0.7223406763452098,0.3825018041447388,-9241.0,-401.0,Cash loans,F,N,Working,Secondary / secondary special
530,0.5253574395015823,0.2851799046358216,-659.0,-849.0,Cash loans,F,Y,Commercial associate,Higher education
531,0.6883560748697737,0.6956219298394389,-235.0,-926.0,Cash loans,F,N,Commercial associate,Secondary / secondary special
532,0.2974351428482553,0.5147465544741232,-10711.0,-1623.0,Cash loans,M,Y,Working,Secondary / secondary special
533,0.675484380605333,0.8016009030071296,-4622.0,-77.0,Cash loans,M,N,Working,Secondary / secondary special
534,0.6223691298776949,0.5280927512030451,-3620.0,-756.0,Cash loans,F,N,Working,Secondary / secondary special
535,0.0732376312342017,0.5989262182569273,-44.0,-98.0,Cash loans,M,Y,Working,Secondary / secondary special
536,0.6280107660545569,0.7922644738669378,-14105.0,0.0,Cash loans,F,N,Pensioner,Secondary / secondary special
537,0.4633683654770842,0.172495466777331,-2086.0,-297.0,Cash loans,F,Y,Working,Secondary / secondary special
538,0.2456695532373925,0.4066174366275036,-2032.0,-2812.0,Cash loans,F,Y,Working,Higher education
539,0.522619381784872,0.4294236843421945,-3913.0,-583.0,Cash loans,F,N,Commercial associate,Higher education
540,0.2893568799155476,0.4650692149562261,-5768.0,-2.0,Cash loans,F,N,Working,Higher education
541,0.4684615550975912,0.5147465544741232,-379.0,-15.0,Cash loans,M,Y,Commercial associate,Higher education
542,0.6825807101464932,0.5147465544741232,-4144.0,-2183.0,Cash loans,F,N,Working,Secondary / secondary special
543,0.1346565632110531,0.6363761710860439,-5832.0,0.0,Cash loans,M,N,Working,Higher education
544,0.6331251777290242,0.4311917977993083,-5424.0,-3377.0,Cash loans,F,N,Commercial associate,Secondary / secondary special
545,0.753416250003921,0.4668640059537032,-5302.0,-1860.0,Cash loans,M,Y,Working,Secondary / secondary special
546,0.7906840440861976,0.5902333386185574,-875.0,-1848.0,Cash loans,F,N,Working,Secondary / secondary special
547,0.7673462982492835,0.4400578303966329,-8498.0,-392.0,Cash loans,F,N,State servant,Secondary / secondary special
548,0.2742935305798427,0.7136313997323308,-4410.0,0.0,Cash loans,M,N,Working,Secondary / secondary special
549,0.6906780826372135,0.3031463744186309,-1536.0,-1423.0,Cash loans,F,N,Working,Higher education
550,0.5545944511295824,0.2020866016820394,-663.0,-1.0,Revolving loans,F,N,Working,Higher education
551,0.090894783248806,0.5147465544741232,-176.0,-15.0,Cash loans,F,N,Commercial associate,Secondary / secondary special
552,0.6019010118568778,0.5902333386185574,-16820.0,-16.0,Cash loans,F,N,Pensioner,Secondary / secondary special
553,0.7351938507184332,0.6058362647264226,-10589.0,-1200.0,Cash loans,F,Y,Working,Higher education
554,0.1596792335026377,0.5100895276257282,-3629.0,-154.0,Cash loans,F,Y,Working,Secondary / secondary special
555,0.5275217248587635,0.6674577419214722,-6876.0,-1311.0,Cash loans,F,Y,Pensioner,Secondary / secondary special
556,0.6934602008242774,0.7295666907060153,-7739.0,-720.0,Revolving loans,F,N,Commercial associate,Secondary / secondary special
557,0.5025057007398405,0.5147465544741232,-3957.0,-1290.0,Cash loans,M,N,Working,Secondary / secondary special
558,0.5410585425983052,0.5460231970049609,-9313.0,-2542.0,Cash loans,F,N,Working,Secondary / secondary special
559,0.0337594778271454,0.5424451438613613,-7881.0,-1048.0,Cash loans,F,N,Working,Secondary / secondary special
560,0.7096154140381874,0.475849908720221,-3903.0,-2249.0,Cash loans,M,Y,Working,Secondary / secondary special
561,0.222819722677581,0.180887977767074,-9627.0,-2632.0,Cash loans,F,Y,Working,Secondary / secondary special
562,0.6563546641257912,0.6986675550534175,-4702.0,-1571.0,Cash loans,F,N,Pensioner,Secondary / secondary special
563,0.4920044969010475,0.3201633668633456,-3996.0,-1151.0,Cash loans,F,N,Commercial associate,Secondary / secondary special
564,0.6753405593992771,0.3425288720742255,-8891.0,-2.0,Cash loans,F,N,Pensioner,Secondary / secondary special
565,0.7284086177075163,0.4668640059537032,-2752.0,-1229.0,Cash loans,M,Y,Working,Higher education
566,0.6795073854834013,0.3859146722745145,-2916.0,-560.0,Cash loans,F,N,Commercial associate,Incomplete higher
567,0.1563971390674267,0.5585066276769286,-3102.0,-322.0,Cash loans,M,N,Working,Secondary / secondary special
568,0.7373889965587873,0.5884877883422673,-1423.0,-729.0,Cash loans,F,Y,Working,Secondary / secondary special
569,0.3737569083379436,0.6279908192952864,-5478.0,-2.0,Cash loans,F,N,Pensioner,Secondary / secondary special
570,0.258694789198233,0.8802684803872619,-7819.0,-2017.0,Cash loans,M,Y,Working,Secondary / secondary special
571,0.2570835416215306,0.180887977767074,-4472.0,-68.0,Cash loans,F,N,Commercial associate,Secondary / secondary special
572,0.6378259552950253,0.228883416700673,-1574.0,-195.0,Cash loans,M,Y,Pensioner,Secondary / secondary special
573,0.2408311755904524,0.5656079814115492,-876.0,-796.0,Cash loans,M,N,Working,Higher education
574,0.6311267185246944,0.5147465544741232,-370.0,-168.0,Cash loans,F,N,Pensioner,Secondary / secondary special
575,0.5388803298295931,0.3723336657058204,-7816.0,-2619.0,Cash loans,F,Y,Commercial associate,Secondary / secondary special
576,0.7423592878558062,0.4206109640437848,-2330.0,0.0,Cash loans,F,N,Pensioner,Secondary / secondary special
577,0.6722211592108376,0.5147465544741232,-4258.0,-670.0,Cash loans,F,N,Commercial associate,Secondary / secondary special
578,0.5858374070660302,0.5797274227921155,-372.0,0.0,Cash loans,M,Y,Working,Secondary / secondary special
579,0.7067638851281262,0.7610263695502636,-491.0,0.0,Cash loans,F,N,State servant,Higher education
580,0.5017895507521053,0.2238313174701554,-7690.0,-426.0,Cash loans,M,N,Commercial associate,Secondary / secondary special
581,0.5596015263837144,0.3606125659189888,-2206.0,-997.0,Cash loans,M,N,Commercial associate,Secondary / secondary special
582,0.6019638880948592,0.6577838002083306,-4471.0,0.0,Cash loans,F,N,Pensioner,Higher education
583,0.6935020353792639,0.5406544504453575,-12119.0,0.0,Cash loans,F,N,Working,Secondary / secondary special
584,0.5493001835081851,0.5147465544741232,-9899.0,-462.0,Cash loans,M,N,Commercial associate,Secondary / secondary special
585,0.2997800787056721,0.3723336657058204,-1750.0,-655.0,Cash loans,M,N,Working,Secondary / secondary special
586,0.4080727734288033,0.1884895337951677,-6852.0,-384.0,Cash loans,F,N,State servant,Higher education
587,0.1136451658963302,0.5147465544741232,-9253.0,-961.0,Cash loans,F,N,Pensioner,Secondary / secondary special
588,0.7088758643589249,0.7032033049040319,-3644.0,0.0,Cash loans,F,N,Pensioner,Secondary / secondary special
589,0.6575275952668811,0.5954562029091491,-462.0,-1797.0,Cash loans,M,Y,Commercial associate,Secondary / secondary special
590,0.6545076309954917,0.5280927512030451,-12599.0,-428.0,Cash loans,F,N,Pensioner,Higher education
591,0.3125626567896072,0.524496446363472,-1049.0,-134.0,Cash loans,F,N,Working,Secondary / secondary special
592,0.6285061613684306,0.524496446363472,-2946.0,-231.0,Cash loans,F,N,Commercial associate,Secondary / secondary special
593,0.3300604400090319,0.445396241560834,-3651.0,-285.0,Revolving loans,M,Y,Working,Secondary / secondary special
594,0.5230449104369708,0.2263473957097693,-2494.0,-782.0,Cash loans,F,N,Commercial associate,Higher education
595,0.174435094931364,0.6246146584503397,-4472.0,-2068.0,Cash loans,M,N,Working,Secondary / secondary special
596,0.5834318657013201,0.8377468531540618,-2081.0,-1972.0,Cash loans,M,N,Working,Secondary / secondary special
597,0.5415309182661201,0.5154953751603267,-2711.0,-276.0,Cash loans,M,Y,Working,Incomplete higher
598,0.546245011694932,0.5937175866150576,-908.0,-1698.0,Cash loans,F,N,Pensioner,Secondary / secondary special
599,0.4565949238702656,0.0527525967206478,-3822.0,-753.0,Cash loans,M,N,Commercial associate,Secondary / secondary special
600,0.7488421047053685,0.5147465544741232,-3682.0,-822.0,Cash loans,F,N,Pensioner,Higher education
601,0.5333713316476699,0.5744466170995097,-7559.0,-1134.0,Cash loans,F,N,Working,Higher education
602,0.6460487859569967,0.6212263380626669,-2035.0,-1524.0,Cash loans,M,Y,Commercial associate,Secondary / secondary special
603,0.2364528443710574,0.5147465544741232,-11657.0,-501.0,Cash loans,F,N,Pensioner,Secondary / secondary special
604,0.6734871148066611,0.5147465544741232,-2056.0,-873.0,Cash loans,M,Y,Working,Secondary / secondary special
605,0.6130486216403919,0.6910212267577837,-5845.0,0.0,Cash loans,M,N,Pensioner,Secondary / secondary special
606,0.5897475667402261,0.7281412993111438,-3856.0,-1699.0,Cash loans,M,Y,Commercial associate,Secondary / secondary special
607,0.2384365184272632,0.4223696523543468,-3151.0,-504.0,Cash loans,F,Y,Pensioner,Secondary / secondary special
608,0.7131354322858929,0.8802684803872619,-5837.0,-1777.0,Cash loans,M,N,Working,Higher education
609,0.582671669025333,0.5147465544741232,-3709.0,-299.0,Cash loans,M,N,Working,Secondary / secondary special
610,0.4895616298270111,0.5172965813614878,-2128.0,-2729.0,Cash loans,F,N,Working,Higher education
611,0.5261643921152924,0.5971924268337128,-8665.0,-1209.0,Cash loans,F,N,Working,Higher education
612,0.5549023280695493,0.6296742509538716,-2316.0,-385.0,Cash loans,F,N,Working,Secondary / secondary special
613,0.5189738295640423,0.2692857999073816,-3953.0,-285.0,Cash loans,F,N,Pensioner,Secondary / secondary special
614,0.0449709646549373,0.3606125659189888,-2637.0,-394.0,Cash loans,F,Y,Pensioner,Secondary / secondary special
615,0.7476475108287055,0.5726825047161584,-4022.0,-1403.0,Cash loans,F,N,Working,Secondary / secondary special
